<?xml version="1.0" encoding="UTF-8"?>
<project-private xmlns="http://www.netbeans.org/ns/project-private/1">
    <editor-bookmarks xmlns="http://www.netbeans.org/ns/editor-bookmarks/2" lastBookmarkId="0"/>
    <open-files xmlns="http://www.netbeans.org/ns/projectui-open-files/2">
        <group>
            <file>file:/C:/Users/Emperor_of_Virtuals/Documents/NetBeansProjects/LogowanieDoBiblioteki/web/decyzyjny.jsp</file>
            <file>file:/C:/Users/Emperor_of_Virtuals/Documents/NetBeansProjects/LogowanieDoBiblioteki/web/JSPWypozyczenia.jsp</file>
            <file>file:/C:/Users/Emperor_of_Virtuals/Documents/NetBeansProjects/LogowanieDoBiblioteki/src/java/serwlet/SerwletDodawania.java</file>
            <file>file:/C:/Users/Emperor_of_Virtuals/Documents/NetBeansProjects/LogowanieDoBiblioteki/src/java/serwlet/Bazodanowy.java</file>
            <file>file:/C:/Users/Emperor_of_Virtuals/Documents/NetBeansProjects/LogowanieDoBiblioteki/web/formularz_nowego_uzytkownika.jsp</file>
            <file>file:/C:/Users/Emperor_of_Virtuals/Documents/NetBeansProjects/LogowanieDoBiblioteki/web/index.jsp</file>
        </group>
    </open-files>
</project-private>
